SKU_No,Product_Name,Product_Description,Category,Subcategory,Primary_Colour_Family,Gender_Target,Style_Descriptor,Image_URL,Material_Composition,Season,Occasion_Tag,Eco_Score,Style_Reward_Points,Adword_Grouping,Stock_Status,Price_INR,Discount_Percentage,Return_Type
1,3p fancy tanktop body,Sleeveless bodysuits in soft organic cotton jersey with press-studs at the crotch.,Garment Upper body,Vest top,White,Men,All over pattern,images/034/0348995028.jpg,Cotton Blend,Spring,Sports,85,40,garment_upper_body,Out of Stock,4896,14,15 days return
2,Scale tee,"Long T-shirt in slub cotton jersey in a relaxed fit with dropped shoulders and short sleeves with sewn-in turn-ups. Round neckline with a raw, roll edge, a chest pocket and a rounded hem at the front. Longer at the back.",Garment Upper body,T-shirt,Dark Red,Men,Solid,images/070/0702841002.jpg,Cotton Blend,Spring,Sports,91,86,garment_upper_body,Low Stock,2815,44,15 days return
3,Lina Jumpsuit,"Jumpsuit in a patterned weave with a frill-trimmed V-neck, covered buttons at the top and long sleeves with narrow elastication at the cuffs. Elasticated seam and a detachable tie belt at the waist and straight, wide legs. Unlined.",Garment Full body,Jumpsuit/Playsuit,Black,Men,All over pattern,images/078/0787989001.jpg,Cotton Blend,Spring,Formal,92,43,garment_full_body,In Stock,3329,7,7 days return
4,KATE BLOUSE,"Blouse in a patterned viscose weave with a V-neck, covered buttons at the front and long balloon sleeves with narrow elastication at the cuffs.",Garment Upper body,Blouse,White,Men,All over pattern,images/073/0732805002.jpg,Cotton Blend,Spring,Party,99,49,garment_upper_body,In Stock,1251,64,15 days return
5,Kiev super trash denim jacket,"Jacket in washed denim with hard-worn details, a collar and buttons down the front. Flap chest pockets with a button, side pockets, buttoned cuffs and a frayed, raw-edge hem.",Garment Upper body,Jacket,Black,Men,Denim,images/069/0699620001.jpg,Cotton Blend,Summer,Party,58,79,garment_upper_body,Out of Stock,1577,12,7 days return
6,LOTTA linnen dress,"Baby Exclusive. Dress in an organic linen weave with buttons at the back, short sleeves with sewn-in turn-ups, a gathered seam and a flared skirt. Cotton lining.",Garment Full body,Dress,Dark Blue,Men,Solid,images/070/0703369001.jpg,Cotton Blend,Spring,Formal,86,80,garment_full_body,Out of Stock,2171,8,No return
7,DENISE SHIRT,"Straight-cut shirt in a soft, patterned viscose weave with a collar and buttons down the front. Long sleeves with narrow, buttoned cuffs, and a rounded hem.",Garment Upper body,Shirt,Black,Men,All over pattern,images/085/0854223001.jpg,Cotton Blend,Spring,Work,56,62,garment_upper_body,Low Stock,2002,60,No return
8,Mimosa Body,"Long-sleeved body in stretch fabric with a stand-up collar, opening front and back, and hook-and-eye fasteners at the back of the neck. Seam at the hips, a microfibre lower section and a lined gusset with press-studs.",Garment Upper body,Bodysuit,Dark Red,Men,Solid,images/078/0789081002.jpg,Cotton Blend,Autumn,Formal,73,50,garment_upper_body,Out of Stock,706,32,15 days return
9,Nottie RW wide cropped,"Ankle-length twill trousers with a regular waist with elastication at the back, pleats at the front and a detachable tie belt. Side pockets and straight, wide legs.",Garment Lower body,Trousers,Black,Men,Solid,images/068/0684186001.jpg,Cotton Blend,Spring,Sports,83,84,garment_lower_body,In Stock,4111,26,No return
10,Noora Jumpsuit,"Ankle-length jumpsuit in a crêpe weave with notch lapels, a wrapover top with a concealed press-stud, and a concealed zip at the back. Seam and detachable tie belt at the waist, side pockets and straight, wide legs.",Garment Full body,Jumpsuit/Playsuit,Black,Men,All over pattern,images/050/0501325003.jpg,Cotton Blend,Autumn,Formal,52,49,garment_full_body,Out of Stock,1440,0,No return
11,Rick,"Trousers in stretch cotton twill with an adjustable elasticated waist, zip fly and press-stud, zipped side pockets, and back pockets with decorative seams. Tapered, shaped legs with seams at the knees.",Garment Lower body,Trousers,Black,Men,Solid,images/066/0664562001.jpg,Cotton Blend,Autumn,Formal,85,64,garment_lower_body,Low Stock,3187,69,15 days return
12,52-STUDIO TWENTYNINE PEACOAT,"STUDIO COLLECTION. Double-breasted pea coat in pile with narrow notch lapels, buttons at the front, side pockets and one inner pocket. Tabs with adjustable buttoning at the cuffs. Lined.",Garment Upper body,Coat,Dark Blue,Men,Solid,images/067/0677397001.jpg,Cotton Blend,Winter,Work,66,93,garment_upper_body,Out of Stock,2676,40,No return
13,Floss Top,Fitted top in jersey with wide shoulder straps and a knot detail at the top.,Garment Upper body,Vest top,Black,Men,Glittering/Metallic,images/075/0755861005.jpg,Cotton Blend,Summer,Formal,84,81,garment_upper_body,Low Stock,2130,31,15 days return
14,SPEED PERRIE SHIRT,"Shirt in a cotton weave with a frill-trimmed Peter Pan collar and French front. Long sleeves with a slit and button at the cuffs, and a gently rounded hem.",Garment Upper body,Shirt,Pink,Men,Solid,images/092/0920830006.jpg,Cotton Blend,Spring,Formal,52,16,garment_upper_body,Low Stock,2430,17,15 days return
15,ED Frugan LS 2p,"Fitted, long-sleeved tops in stretch organic cotton jersey with a wide neckline.",Garment Upper body,Top,Light Beige,Men,Solid,images/083/0831027005.jpg,Cotton Blend,Winter,Work,71,30,garment_upper_body,Out of Stock,3872,17,No return
16,TP Dayton LOGG chinos,"Chinos in a stretch cotton weave with an adjustable, elasticated waist, a zip fly and button, and tapered legs. Decorative coin pocket, diagonal side pockets and fake jetted back pockets.",Garment Lower body,Trousers,Black,Men,Solid,images/073/0739150005.jpg,Cotton Blend,Summer,Formal,62,73,garment_lower_body,Low Stock,2257,21,7 days return
17,Aloha ss shirt aop,"Short-sleeved shirt in a patterned cotton weave with a resort collar, buttons down the front and a straight-cut hem with short slits in the sides.",Garment Upper body,Shirt,Light Pink,Men,All over pattern,images/076/0769010001.jpg,Cotton Blend,Autumn,Sports,89,25,garment_upper_body,Low Stock,4805,39,15 days return
18,Coco utility,"Sleeveless blouse in woven fabric with a collar and buttons down the front. Yoke with a pleat at the back, flap chest pockets and a rounded hem.",Garment Upper body,Blouse,Black,Men,Solid,images/074/0743113003.jpg,Cotton Blend,Winter,Formal,98,42,garment_upper_body,Low Stock,4216,55,7 days return
19,SEQUINS TEE,T-shirt in soft cotton jersey with a motif on the front.,Garment Upper body,T-shirt,Black,Men,Sequin,images/066/0666327006.jpg,Cotton Blend,Summer,Formal,72,91,garment_upper_body,Out of Stock,4162,63,No return
20,Joline top,Short-sleeved top in soft cotton jersey an appliqué on the front and a rounded hem. Longer at the back.,Garment Upper body,T-shirt,Light Turquoise,Men,Sequin,images/079/0796556009.jpg,Cotton Blend,Autumn,Casual,99,34,garment_upper_body,Low Stock,4261,53,15 days return
21,NINA shorts,"Shorts in soft jersey made from a cotton blend with an elasticated waist, print motif on one leg and contrasting colour trims.",Garment Lower body,Shorts,Black,Men,Placement print,images/084/0840049003.jpg,Cotton Blend,Spring,Formal,93,54,garment_lower_body,Out of Stock,1062,48,15 days return
22,Skinny SS Scribble,"5-pocket slim-fit jeans in superstretch, flexible denim for maximum mobility with hard-worn details and a print motif on one leg. Adjustable elasticated waist, zip fly and narrow hems.",Garment Lower body,Trousers,Blue,Men,Denim,images/062/0625640001.jpg,Cotton Blend,Winter,Party,94,21,garment_lower_body,In Stock,4115,36,15 days return
23,Wave relaxed new,"Shorts in woven fabric. Relaxed fit with an elasticated, drawstring waist, zip fly and concealed hook-and-eye fastening. Side pockets and a welt back pocket.",Garment Lower body,Shorts,Light Beige,Men,Check,images/087/0878987007.jpg,Cotton Blend,Spring,Party,52,19,garment_lower_body,In Stock,2572,29,15 days return
24,Cassie cord Shorts,"Shorts in stretch cotton corduroy with covered elastication at the waist, a decorative bow at the front and side pockets.",Garment Lower body,Shorts,Dark Yellow,Men,Solid,images/076/0763245001.jpg,Cotton Blend,Spring,Formal,90,64,garment_lower_body,Out of Stock,3338,4,No return
25,Sean crewneck,"Long-sleeved jumper in soft, fine-knit cotton with a small imitation suede appliqué at the hem and ribbing around the neckline, cuffs and hem.",Garment Upper body,Cardigan,Dark Blue,Men,Stripe,images/086/0860786001.jpg,Cotton Blend,Summer,Formal,60,27,garment_upper_body,Low Stock,2579,60,No return
26,Lily dress,"Dress in patterned viscose crêpe with decorative gathers at the shoulders and long sleeves with wide, buttoned cuffs. Gathered yoke at the back, and a seam with a tie belt at the waist. Unlined.",Garment Full body,Dress,Off White,Men,All over pattern,images/059/0597040002.jpg,Cotton Blend,Autumn,Work,56,76,garment_full_body,Out of Stock,1282,0,No return
27,WC Shorts,Knee-length football shorts in fast-drying functional fabric with an elasticated drawstring waist and a print motif on one leg. Unlined.,Garment Lower body,Shorts,Red,Men,Placement print,images/055/0554555004.jpg,Cotton Blend,Spring,Party,70,27,garment_lower_body,Out of Stock,2387,0,No return
28,Smedby blouse,"Blouse in an airy cotton weave with a boat neck, dropped shoulders, long, wide sleeves with elastication at the cuffs and a long tie belt at the waist.",Garment Upper body,Blouse,Light Blue,Men,Stripe,images/072/0721949005.jpg,Cotton Blend,Summer,Work,84,92,garment_upper_body,Out of Stock,568,69,15 days return
29,Poppins,"Short, sleeveless dress in slub jersey made from a modal and cotton blend with a V-neck and shoulder straps that cross with a knot at the back. A-line and slightly longer at the back.",Garment Full body,Dress,Black,Men,Solid,images/066/0667533002.jpg,Cotton Blend,Spring,Work,57,16,garment_full_body,Low Stock,4254,64,7 days return
30,Cassidy dress,"Calf-length dress in chiffon with a deep V-neck, buttons down the front, pin-tucks at the front and a double-layered yoke at the back. Long sleeves with narrow trims at the cuffs, a seam at the waist and a gently flared skirt. Satin lining.",Garment Full body,Dress,Dark Green,Men,Solid,images/093/0937965001.jpg,Cotton Blend,Summer,Work,65,97,garment_full_body,Low Stock,1413,42,15 days return
31,Maribou Yoga Wrap LS,"Ribbed yoga top in fast-drying jersey with long sleeves, a wrapover front and wide ties at the waist.",Garment Upper body,Sweater,Pink,Men,Solid,images/085/0851797002.jpg,Cotton Blend,Winter,Party,92,93,garment_upper_body,Out of Stock,3113,50,15 days return
32,Topi Dress,"Short, fitted dress in sturdy jersey with a round neckline and short sleeves.",Garment Full body,Dress,Dark Grey,Men,All over pattern,images/086/0862693002.jpg,Cotton Blend,Winter,Party,78,22,garment_full_body,In Stock,4851,59,15 days return
33,Printed Sweatshirt 19.99,"Top in sweatshirt fabric with a motif in a relaxed fit with long sleeves and ribbing around the neckline, cuffs and hem.",Garment Upper body,Sweater,Grey,Men,Placement print,images/055/0551044044.jpg,Cotton Blend,Summer,Sports,71,50,garment_upper_body,In Stock,1162,35,15 days return
34,WENDY LEGGINGS,"Leggings in soft, printed cotton jersey with an elasticated waist.",Garment Lower body,Leggings/Tights,Black,Men,All over pattern,images/074/0744115004.jpg,Cotton Blend,Summer,Work,83,49,garment_lower_body,In Stock,2925,38,15 days return
35,Even pile hood,"Hooded jacket in soft, textured-knit cotton with a zip down the front that continues up and around the hood. Ribbing at the cuffs and hem. Soft pile lining.",Garment Upper body,Hoodie,Black,Men,Melange,images/056/0567047001.jpg,Cotton Blend,Autumn,Casual,62,72,garment_upper_body,Out of Stock,2600,63,No return
36,Nelly Coat,"Double-breasted, knee-length coat in a patterned weave containing some wool. Wide notch lapels, long raglan sleeves, a detachable tie belt at the waist, side pockets and a single back vent. Lined.",Garment Upper body,Jacket,Black,Women,Check,images/083/0831545001.jpg,Cotton Blend,Winter,Formal,84,29,garment_upper_body,In Stock,1566,0,15 days return
37,Nan Fur Hooded Jacket,"Short jacket in soft faux fur with a hood, zip down the front with a ring pull and diagonal side pockets. Covered elastication at the cuffs and hem. Recycled polyester lining.",Garment Upper body,Outdoor Waistcoat,Light Beige,Women,Solid,images/086/0868035001.jpg,Cotton Blend,Spring,Party,71,29,garment_upper_body,Low Stock,1688,49,7 days return
38,Wheeler body,"Body in soft jersey with a print motif on the front in a narrow cut at the top with narrow, adjustable shoulder straps and press-studs at the crotch.",Garment Upper body,Vest top,Dark Blue,Women,Placement print,images/068/0687586002.jpg,Cotton Blend,Winter,Party,68,98,garment_upper_body,Out of Stock,1879,41,7 days return
39,V-neck Strap Top.,V-neck top in soft organic cotton jersey with narrow shoulder straps.,Garment Upper body,Vest top,Black,Women,Solid,images/076/0767869001.jpg,Cotton Blend,Winter,Formal,74,94,garment_upper_body,In Stock,1373,42,15 days return
40,Julius dress,"Short, straight-cut dress in pattern-weave fabric with a sheen decorated with plastic sparkly stones front and back. Boat neck and 3/4-length sleeves. Lined.",Garment Full body,Dress,Light Pink,Women,Embroidery,images/079/0795763001.jpg,Cotton Blend,Winter,Formal,94,22,garment_full_body,Out of Stock,4510,56,7 days return
41,EPIC CLASSIC CREW,"Top in sweatshirt fabric with a text print and ribbing around the neckline, cuffs and hem. Soft brushed inside.",Garment Upper body,Sweater,Light Grey,Women,Front print,images/067/0673275003.jpg,Cotton Blend,Summer,Formal,52,46,garment_upper_body,Low Stock,3942,26,15 days return
42,JACKET BASIC 89,"Jacket in washed stretch denim with a collar, buttons down the front, flap chest pockets with a button and buttoned cuffs.",Garment Upper body,Jacket,Blue,Women,Denim,images/055/0556872003.jpg,Cotton Blend,Summer,Sports,68,46,garment_upper_body,Out of Stock,3648,24,15 days return
43,Atomic Dungaree,"Dungarees in stretch twill with adjustable straps, a zipped chest pocket, fake zipped pockets at the front, real back pockets, belt loops at the waist, a zip in the side and slim legs.",Garment Lower body,Trousers,Black,Women,Solid,images/055/0559212001.jpg,Cotton Blend,Autumn,Work,70,98,garment_lower_body,In Stock,2817,45,15 days return
44,Silver dress,"Short, fitted dress in ribbed cotton jersey with a V-neck and narrow shoulder straps.",Garment Full body,Dress,Light Orange,Women,Solid,images/086/0868060003.jpg,Cotton Blend,Spring,Sports,73,12,garment_full_body,In Stock,2370,23,15 days return
45,Keys PQ Denim,"Ankle-length, 5-pocket jeans in washed denim with a high waist, zip fly with a button and kickflare legs.",Garment Lower body,Trousers,Dark Blue,Women,Denim,images/056/0569041002.jpg,Cotton Blend,Autumn,Party,78,54,garment_lower_body,Low Stock,1863,69,15 days return
46,2-p Kayla shorts,"Shorts in soft sweatshirt fabric with a print motif. Ribbed, elasticated drawstring waist and contrasting colour trims down the sides and at the hems.",Garment Lower body,Shorts,Dark Blue,Women,All over pattern,images/073/0738273002.jpg,Cotton Blend,Autumn,Work,84,87,garment_lower_body,In Stock,3396,53,No return
47,Justin 2-p tank SB,Vest tops in cotton jersey. One with an all-over print an one in a solid colour.,Garment Upper body,Vest top,Red,Women,Mixed solid/pattern,images/048/0485546020.jpg,Cotton Blend,Spring,Casual,96,55,garment_upper_body,Out of Stock,1080,8,15 days return
48,York duffel coat,"Duffle coat in soft fleece with a detachable, pile-lined hood, patch front pockets, toggles at the front and a yoke at the back. Pile lining.",Garment Upper body,Jacket,Light Orange,Women,Solid,images/073/0734929005.jpg,Cotton Blend,Winter,Formal,81,14,garment_upper_body,Out of Stock,2247,52,No return
49,Hayes,"Suit trousers in a stretch weave with a regular waist, zip fly and concealed hook-and-eye fastening. Side pockets and tapered legs with creases.",Garment Lower body,Trousers,Dark Blue,Women,Dot,images/056/0568597018.jpg,Cotton Blend,Autumn,Formal,78,48,garment_lower_body,Low Stock,3749,45,No return
50,Ida HW panel jogger,"Trousers in soft sweatshirt fabric made from a cotton blend with an elasticated drawstring waist, side pockets and legs with contrasting colour side stripes and elasticated hems. Soft brushed inside.",Garment Lower body,Trousers,Grey,Women,Solid,images/086/0863024001.jpg,Cotton Blend,Winter,Party,73,34,garment_lower_body,Out of Stock,4083,35,7 days return
51,Macarena,"Top in a crinkled viscose weave with a V-neck front and back, adjustable spaghetti shoulder straps, buttons down the front and a tie-detail hem.",Garment Upper body,Vest top,Black,Women,All over pattern,images/073/0731407002.jpg,Cotton Blend,Winter,Party,50,11,garment_upper_body,In Stock,804,8,7 days return
52,Farrah HW Denim TRS,"Slim-fit jeans in washed, stretch denim with a high waist, zip fly and press-stud, fake front pockets and real back pockets, and flared legs.",Garment Lower body,Trousers,Dark Blue,Women,Solid,images/074/0744437001.jpg,Cotton Blend,Spring,Work,68,50,garment_lower_body,Out of Stock,3451,11,No return
53,Birka romper,"Playsuit in an airy viscose weave with narrow shoulder straps, covered elastication around the top and a flounced trim at the front. Elasticated seam and a sewn-on bow at the waist, and side pockets.",Garment Full body,Jumpsuit/Playsuit,Light Pink,Women,All over pattern,images/082/0823694002.jpg,Cotton Blend,Autumn,Sports,76,75,garment_full_body,Low Stock,3992,16,No return
54,James leggings,"Leggings in stretch, printed cotton jersey with an elasticated waist.",Garment Lower body,Leggings/Tights,Light Beige,Women,All over pattern,images/069/0690964016.jpg,Cotton Blend,Spring,Formal,96,93,garment_lower_body,In Stock,549,49,7 days return
55,Champagne,Short coat in a sturdy wool blend with a concealed zip and wind flap down the front and flap front pockets. Lined.,Garment Upper body,Coat,Grey,Women,Melange,images/051/0511190001.jpg,Cotton Blend,Autumn,Casual,67,34,garment_upper_body,Low Stock,4225,12,15 days return
56,BETTY deal hood,"Long-sleeved top in sweatshirt fabric with a print motif, lined hood and ribbing at the cuffs and hem. Soft brushed inside.",Garment Upper body,Hoodie,Yellow,Women,Placement print,images/076/0769729004.jpg,Cotton Blend,Winter,Formal,96,70,garment_upper_body,Low Stock,1180,22,No return
57,Bono NW slim denim,"5-pocket, ankle-length jeans in washed, slightly stretchy denim with a regular waist, zip fly and button and tapered legs.",Garment Lower body,Trousers,Light Blue,Women,Denim,images/073/0738230001.jpg,Cotton Blend,Autumn,Casual,83,69,garment_lower_body,In Stock,2857,28,15 days return
58,Ally trousers,"Wide trousers in a patterned, softly draping viscose weave with concealed pockets in the side seams and a high waist with wide, covered elastication.",Garment Lower body,Trousers,Black,Women,All over pattern,images/064/0640662009.jpg,Cotton Blend,Autumn,Sports,68,81,garment_lower_body,Out of Stock,3752,1,No return
59,mister muscle SS,"Short-sleeved shirt in a stretch cotton weave with a narrow turn-down collar, French front, yoke and darts at the back and a rounded hem. Muscle fit – a fit designed to showcase the physique. Narrow shoulders, gently tapered sleeves and an accentuated waist to create a flattering silhouette.",Garment Upper body,Shirt,Black,Women,All over pattern,images/061/0618329008.jpg,Cotton Blend,Spring,Casual,65,35,garment_upper_body,Low Stock,4908,51,No return
60,Peter downfree jacket,"Padded jacket in woven fabric with a stand-up collar and zip down the front with a chin guard. Chest pocket, zipped side pockets, an inner pocket with a hook and loop fastener, and a concealed elastic drawstring at the hem. Lined.",Unknown,Unknown,Beige,Women,Solid,images/077/0778645007.jpg,Cotton Blend,Summer,Formal,71,99,unknown,Out of Stock,2191,43,No return
61,ES JAMES LEGGINGS,"Leggings in soft, printed jersey made from a cotton blend with an elasticated waist.",Garment Lower body,Leggings/Tights,Dark Blue,Women,All over pattern,images/069/0693312003.jpg,Cotton Blend,Winter,Work,70,10,garment_lower_body,In Stock,3114,24,7 days return
62,ES Cleo shirtdress,"Dress in a cotton weave with a collar, button placket and long sleeves with a tab and button. Pockets in the side seams, a detachable imitation suede belt and a rounded hem.",Garment Full body,Dress,Pink,Women,Check,images/076/0761105001.jpg,Cotton Blend,Autumn,Work,62,17,garment_full_body,In Stock,3832,47,15 days return
63,KOI Relaxed pants brushed wool,"Trousers in soft, brushed wool twill with elastication and a concealed drawstring at the waist. Zip fly with a concealed hook-and-eye fastener, side pockets and welt back pockets with a button. Slightly lower crotch and tapered legs with creases.",Garment Lower body,Trousers,Dark Grey,Women,Melange,images/055/0550822002.jpg,Cotton Blend,Autumn,Sports,77,25,garment_lower_body,Out of Stock,3133,44,15 days return
64,Palmita tee,Short-sleeved top in printed cotton jersey.,Garment Upper body,T-shirt,Light Purple,Women,All over pattern,images/079/0796535002.jpg,Cotton Blend,Autumn,Party,68,75,garment_upper_body,Low Stock,3848,2,No return
65,Shorts HW Pull On,"Shorts in softly draping denim made from a Tencel™ lyocell blend. High, frill-trimmed waist with covered elastication, and pockets in the side seams.",Garment Lower body,Shorts,Green,Women,Denim,images/087/0873428004.jpg,Cotton Blend,Winter,Work,80,50,garment_lower_body,Out of Stock,631,3,15 days return
66,Milan top,Wide top in soft jersey with a print motif on the front and short dolman sleeves. Rounded and slightly longer at the back.,Garment Upper body,T-shirt,Light Pink,Women,Front print,images/059/0597513002.jpg,Cotton Blend,Spring,Work,92,17,garment_upper_body,Out of Stock,4725,28,15 days return
67,NATE  basic S/S solid tee BB,T-shirt in soft organic cotton jersey.,Garment Upper body,T-shirt,Light Blue,Women,Solid,images/026/0260736025.jpg,Cotton Blend,Autumn,Casual,65,48,garment_upper_body,Low Stock,3075,20,7 days return
68,Cecile,Straight-cut dress in a textured weave with narrow double shoulder straps with one pair that cross at the back. Unlined.,Garment Full body,Dress,Greenish Khaki,Women,Solid,images/051/0516789002.jpg,Cotton Blend,Summer,Casual,94,37,garment_full_body,Out of Stock,4250,23,15 days return
69,LUMIERE,"Jumper in a soft knit containing some alpaca wool with a ribbed turtleneck collar, long raglan sleeves and ribbing at the cuffs and hem.",Garment Upper body,Sweater,Dark Orange,Women,Solid,images/054/0542051003.jpg,Cotton Blend,Winter,Sports,98,91,garment_upper_body,Low Stock,4129,45,No return
70,Ozzy Denim Dungaree,"Short dungaree shorts in washed stretch denim with a chest pocket and adjustable straps. Buttons at the sides, a fake fly, fake front pockets, real back pockets and sewn-in turn-ups at the hems.",Garment Full body,Dungarees,Black,Women,Solid,images/061/0612295005.jpg,Cotton Blend,Spring,Formal,91,51,garment_full_body,Out of Stock,2512,61,15 days return
71,Alia cropped sweater,"Cropped top in sweatshirt fabric with dropped shoulders, long sleeves and ribbing around the neckline, cuffs and hem. Soft brushed inside.",Garment Upper body,Sweater,Dark Yellow,Women,Solid,images/054/0540742022.jpg,Cotton Blend,Autumn,Sports,53,61,garment_upper_body,Out of Stock,3293,0,7 days return
72,Stadium trouser,"Relaxed-fit joggers in a nylon weave with a regular, elasticated drawstring waist, fake fly and zipped side pockets. Tapered legs with block-patterned sections and elasticated hems.",Garment Lower body,Trousers,Red,Women,Colour blocking,images/074/0742347001.jpg,Cotton Blend,Autumn,Sports,95,13,garment_lower_body,In Stock,2208,25,No return
73,Grapevine Tee,Short T-shirt in cotton jersey with a motif on the front and an elasticated hem.,Garment Upper body,T-shirt,Black,Women,Placement print,images/059/0598691001.jpg,Cotton Blend,Spring,Party,69,59,garment_upper_body,In Stock,4051,37,15 days return
74,Connor dress,"Short, sleeveless dress in airy chiffon with elastication and a frill trim at the top, narrow shoulder straps and an elasticated seam at the waist. Jersey lining.",Garment Full body,Dress,Dark Green,Women,All over pattern,images/063/0636437002.jpg,Cotton Blend,Spring,Casual,55,13,garment_full_body,Low Stock,2646,21,15 days return
75,Tom cargo shorts,"Shorts in washed cotton with an adjustable, elasticated waist and a zip fly and button. Side pockets, leg pockets and fake welt back pockets with a flap and hook and loop fastening.",Garment Lower body,Shorts,Dark Blue,Women,Solid,images/071/0711074005.jpg,Cotton Blend,Autumn,Casual,94,38,garment_lower_body,In Stock,1495,37,15 days return
76,W SARK SKIRT EQ,"Knee-length satin skirt with a high waist with wide elastication and a detachable tie belt, and side pockets. Unlined.",Garment Lower body,Skirt,Black,Teen Boys,Solid,images/066/0665676001.jpg,Cotton Blend,Autumn,Casual,56,91,garment_lower_body,Out of Stock,4768,53,7 days return
77,SIRPA,"Jumper in a soft knit with a slightly wider neckline and long sleeves. Ribbing around the neckline, cuffs and hem.",Garment Upper body,Sweater,Dark Red,Teen Boys,Melange,images/050/0501820003.jpg,Cotton Blend,Summer,Casual,62,84,garment_upper_body,Low Stock,4916,39,7 days return
78,SPEED MADISON PLEET SKIRT,"Calf-length, pleated skirt in a patterned weave with a concealed zip in one side. Unlined.",Garment Lower body,Skirt,Black,Teen Boys,All over pattern,images/064/0640241001.jpg,Cotton Blend,Winter,Sports,51,99,garment_lower_body,In Stock,3539,4,No return
79,ED Yen shell top,"Short-sleeved blouse in a viscose crêpe weave with an opening and concealed button at the back of the neck, and a rounded hem.",Garment Upper body,Blouse,Black,Teen Boys,Solid,images/069/0698270002.jpg,Cotton Blend,Autumn,Formal,94,27,garment_upper_body,In Stock,3124,53,7 days return
80,Oliver Hood (1),"Sporty jacket in sturdy jersey with a zip down the front and a mesh-lined hood with an elastic drawstring. Chest pocket with a concealed zip, side pockets, ribbed cuffs and narrow elastication at the hem.",Garment Upper body,Hoodie,Black,Teen Boys,All over pattern,images/053/0533404050.jpg,Cotton Blend,Spring,Work,78,75,garment_upper_body,In Stock,666,7,No return
81,Ruby,Sleeveless dress in a cotton weave with buttons at the back and flounces at the front that continue over the shoulders and down the back. Partly lined.,Garment Full body,Dress,White,Teen Boys,All over pattern,images/083/0831008005.jpg,Cotton Blend,Winter,Work,78,22,garment_full_body,In Stock,3476,62,No return
82,Moma,Blouse in a crêpe weave with short trumpet sleeves and a round hem. Slightly longer at the back.,Garment Upper body,Blouse,Off White,Teen Boys,All over pattern,images/062/0622314008.jpg,Cotton Blend,Winter,Party,81,40,garment_upper_body,In Stock,2327,43,15 days return
83,Jules,Single-breasted jacket in a linen and viscose weave with notch lapels and flap welt front pockets. Lined.,Garment Upper body,Blazer,Light Beige,Teen Boys,Solid,images/081/0817352003.jpg,Cotton Blend,Autumn,Sports,68,86,garment_upper_body,In Stock,4711,58,7 days return
84,Stephanie,Long-sleeved top in stretch jersey with a wide neckline and gathers at the sides for best fit over the tummy.,Garment Upper body,Top,Light Blue,Teen Boys,Melange,images/082/0820032002.jpg,Cotton Blend,Summer,Casual,64,85,garment_upper_body,In Stock,2390,58,No return
85,Alm Trench,"Knee-length, double-breasted trenchcoat in a stretch weave with a wide collar and concealed hook-and-eye fastener at the top. Shoulder tabs with a button, a detachable belt at the waist, side pockets and a single back vent. Recycled polyester lining.",Garment Upper body,Jacket,Beige,Teen Boys,Solid,images/083/0835348001.jpg,Cotton Blend,Winter,Sports,59,35,garment_upper_body,In Stock,2292,48,No return
86,Moby,Long-sleeved top in a stretch weave with a seam at the bust and concealed zip at the back.,Garment Upper body,Shirt,Dark Grey,Teen Boys,Solid,images/053/0538276001.jpg,Cotton Blend,Winter,Casual,51,92,garment_upper_body,Out of Stock,3957,18,15 days return
87,Piper top,"Short top in soft jersey with narrow shoulder straps, a zip in one side and wide lace trim at the hem.",Garment Upper body,Vest top,White,Teen Boys,All over pattern,images/061/0611584005.jpg,Cotton Blend,Autumn,Sports,94,57,garment_upper_body,Out of Stock,3048,25,7 days return
88,Pernilla basic denim,"Jeans in soft, stretch denim with an elasticated waist, fake fly, fake front pockets and real back pockets.",Garment Lower body,Trousers,Off White,Teen Boys,Solid,images/080/0809392002.jpg,Cotton Blend,Winter,Sports,57,28,garment_lower_body,Out of Stock,4218,43,7 days return
89,Porcupine trench coat,"Trenchcoat in a lightweight weave with notch lapels, shoulder tabs with decorative buttons, long sleeves with sewn-in turn-ups, side pockets and a detachable tie belt. Unlined.",Garment Upper body,Coat,Black,Teen Boys,Solid,images/055/0555432001.jpg,Cotton Blend,Summer,Work,79,89,garment_upper_body,Out of Stock,977,16,7 days return
90,Alex shorts,Shorts in lightweight sweatshirt fabric with an elasticated drawstring waist and contrasting colour trims.,Garment Lower body,Shorts,Dark Blue,Teen Boys,Contrast,images/075/0758397002.jpg,Cotton Blend,Spring,Work,50,39,garment_lower_body,Low Stock,4831,3,7 days return
91,Johanna,"Top in ribbed jersey containing glittery threads. V-neck, spaghetti shoulder straps and a straight-cut hem.",Garment Upper body,Sweater,Black,Teen Boys,Glittering/Metallic,images/071/0716759002.jpg,Cotton Blend,Summer,Work,69,14,garment_upper_body,Low Stock,834,65,15 days return
92,Neveah Dress,"Calf-length, A-line dress in a crêpe weave with an opening and button at the back of the neck. Short puff sleeves with narrow elastication at the hems, and gathered seams at the waist and hips for added width and soft draping. Jersey lining.",Garment Full body,Dress,Light Beige,Teen Boys,Solid,images/086/0868747001.jpg,Cotton Blend,Summer,Sports,64,50,garment_full_body,Low Stock,1199,23,7 days return
93,Family Crew Ladies,"Top in sweatshirt fabric with dropped shoulders, long sleeves and ribbing around the neckline, cuffs and hem. Soft brushed inside.",Garment Upper body,Sweater,Grey,Teen Boys,All over pattern,images/068/0686265006.jpg,Cotton Blend,Spring,Sports,81,54,garment_upper_body,In Stock,2247,65,7 days return
94,Angela top,Sleeveless top in ribbed cotton jersey with an embroidered frill trim at the top and over the shoulder straps.,Garment Upper body,Top,White,Teen Boys,Solid,images/064/0646157001.jpg,Cotton Blend,Autumn,Sports,67,32,garment_upper_body,Low Stock,1479,20,7 days return
95,Tilda tapered trouser,"Trousers in woven fabric with a high waist, pleats at the top and tapered legs with creases. A zip fly and concealed hook-and-eye fasteners, side pockets and fake welt back pockets. The polyester content of the trousers is partly recycled.",Garment Lower body,Trousers,Light Beige,Teen Boys,Other structure,images/091/0913714002.jpg,Cotton Blend,Summer,Work,89,72,garment_lower_body,Out of Stock,2207,59,No return
96,5P SS T-SHIRT SOLID,T-shirts in soft organic cotton jersey with lapped shoulders and a straight hem.,Garment Upper body,T-shirt,Light Beige,Teen Girls,Solid,images/079/0795784009.jpg,Cotton Blend,Autumn,Work,50,35,garment_upper_body,In Stock,1703,0,No return
97,BB Ronaldo Fotboll set,Set with a short-sleeved football top and football shorts in fast-drying functional fabric. Top with a print motif front and back. Shorts with an elasticated drawstring waist and print motifs on the legs.,Garment Full body,Garment Set,Green,Teen Girls,Solid,images/070/0700779003.jpg,Cotton Blend,Spring,Work,73,77,garment_full_body,Out of Stock,3199,56,7 days return
98,Milano,"Fitted, turtleneck top in ribbed jersey with long raglan sleeves.",Garment Upper body,Sweater,Grey,Teen Girls,Solid,images/079/0790651002.jpg,Cotton Blend,Summer,Formal,60,61,garment_upper_body,Low Stock,2875,32,No return
99,Pluto slacks,"Ankle-length cigarette trousers in a stretch weave with a concealed hook-and-eye fastener and zip fly. Side pockets, a fake welt back pocket and slim legs with creases.",Garment Lower body,Trousers,Black,Teen Girls,All over pattern,images/061/0612182004.jpg,Cotton Blend,Spring,Casual,50,27,garment_lower_body,Low Stock,2962,45,7 days return
100,ED Lady di,"Jumper in a soft knit with a slightly wider neckline, long, wide dolman sleeves and a rounded hem with slits in the sides.",Garment Upper body,Sweater,Black,Teen Girls,Solid,images/055/0551566002.jpg,Cotton Blend,Summer,Work,56,58,garment_upper_body,In Stock,1931,13,No return
101,BORABORA,Off-the-shoulder blouse in a patterned crêpe weave with smocking and a small frill trim at the top and 3/4-length trumpet sleeves. Seam and a wide flounce at the hem.,Garment Upper body,Blouse,White,Teen Girls,All over pattern,images/078/0786906002.jpg,Cotton Blend,Summer,Party,61,28,garment_upper_body,Low Stock,3202,47,7 days return
102,Price TEE - TVP,"Round-necked T-shirt in soft, printed cotton jersey.",Garment Upper body,T-shirt,White,Teen Girls,Placement print,images/087/0874122005.jpg,Cotton Blend,Autumn,Party,96,36,garment_upper_body,Low Stock,3312,16,7 days return
103,Zebra sweat - TVP,"Top in sweatshirt fabric made from a cotton blend. Wide, raglan sleeves and ribbing at the cuffs and hem.",Garment Upper body,Sweater,Black,Teen Girls,Placement print,images/087/0874113019.jpg,Cotton Blend,Autumn,Party,93,38,garment_upper_body,Low Stock,3027,64,15 days return
104,CS Sauron jumpsuit,"Jersey jumpsuit with shimmering metallic stripes. V-neck front and back, narrow adjustable shoulder straps, seam at the waist with a drawstring and wide flounce, side pockets and tapered legs. Lined at the top.",Garment Lower body,Trousers,Light Grey,Teen Girls,Metallic,images/058/0587264001.jpg,Cotton Blend,Spring,Casual,96,79,garment_lower_body,Low Stock,4606,22,7 days return
105,LARISSA hood,"Jacket in lightweight sweatshirt fabric with a hood, zip down the front, side pockets and ribbing at the cuffs and hem.",Garment Upper body,Hoodie,Grey,Teen Girls,All over pattern,images/048/0487750038.jpg,Cotton Blend,Spring,Casual,58,76,garment_upper_body,Out of Stock,4255,57,No return
106,Jasmine dress SPECIAL OCC,"Long dress in embroidered mesh with an opening and button at the back of the neck, short sleeves and an elasticated seam at the waist. Satin inner dress.",Garment Full body,Dress,Light Beige,Teen Girls,Embroidery,images/061/0613127001.jpg,Cotton Blend,Winter,Party,66,63,garment_full_body,Out of Stock,1013,10,7 days return
107,Flock,"Slightly shorter jumper in a soft, fine knit with long sleeves and ribbing around the neckline, cuffs and hem.",Garment Upper body,Sweater,Dark Blue,Teen Girls,Melange,images/059/0591334029.jpg,Cotton Blend,Winter,Casual,86,75,garment_upper_body,In Stock,3394,50,7 days return
108,Johnny cashmere jumper,"Oversized jumper in soft, fine-knit cashmere with a V-neck front and back. Dropped shoulders, long sleeves and ribbing around the neckline, cuffs and hem.",Garment Upper body,Sweater,Yellowish Brown,Teen Girls,Solid,images/068/0682285002.jpg,Cotton Blend,Autumn,Casual,76,71,garment_upper_body,Low Stock,2055,68,No return
109,CHARLIE SKIRT,"Short, A-line skirt with a high waist and buttons down the front.",Garment Lower body,Skirt,Beige,Teen Girls,Check,images/067/0674606021.jpg,Cotton Blend,Autumn,Formal,67,89,garment_lower_body,Low Stock,524,49,No return
110,Lana Seamless Hotpant,"Shorts in fast-drying functional fabric with a high waist and wide, elasticated ribbing at the waist. The shorts are designed with the minimum number of seams for a more comfortable fit and increased mobility.",Garment Lower body,Shorts,Black,Teen Girls,Solid,images/091/0911405002.jpg,Cotton Blend,Winter,Party,69,88,garment_lower_body,Low Stock,2413,9,7 days return
111,Super Skinny L.W Epic,"5-pocket, low-rise jeans in washed, superstretch denim with a zip fly and button, and super-skinny legs.",Garment Lower body,Trousers,Light Blue,Teen Girls,Denim,images/039/0399087017.jpg,Cotton Blend,Autumn,Formal,70,75,garment_lower_body,Low Stock,3558,18,15 days return
112,R-NECK SS BASIC 5 PK,Round-necked T-shirts in soft organic cotton jersey. Regular Fit.,Garment Upper body,T-shirt,Black,Teen Girls,Solid,images/064/0649082001.jpg,Cotton Blend,Autumn,Party,79,79,garment_upper_body,In Stock,946,47,7 days return
113,KIDS KIKKI woven bib dress,"KIDS EXCLUSIVE. Dress in textured, double-weave organic cotton with adjustable straps that have a decorative knot at the front, cross at the back and fasten with a button. Seam at the waist with elastication at the back. Unlined.",Garment Full body,Dress,Dark Orange,Teen Girls,Solid,images/085/0859223001.jpg,Cotton Blend,Autumn,Formal,84,85,garment_full_body,Low Stock,3931,21,15 days return
114,SKINNY HEART / NEW OPEN,"Slim-fit jeans in washed, superstretch, flexible denim for maximum mobility. Adjustable, elasticated waist, zip fly and button, heart-shaped front pockets, regular back pockets and narrow hems.",Garment Lower body,Trousers,Dark Blue,Teen Girls,Denim,images/068/0683281001.jpg,Cotton Blend,Summer,Sports,97,48,garment_lower_body,In Stock,3915,22,15 days return
115,SB Cape Own,Fancy dress cape in jersey with a concealed hook and loop fastening at the neck. Unlined.,Garment Full body,Costumes,Black,Teen Girls,Solid,images/051/0519219006.jpg,Cotton Blend,Spring,Sports,79,84,garment_full_body,Out of Stock,4106,13,15 days return
116,Samurai singoalla top,"Wide top in a soft weave with a wide neckline with narrow elastication at the top and long, flared sleeves with smock details.",Garment Upper body,Blouse,Light Blue,Kids (Unisex),Chambray,images/059/0597753003.jpg,Cotton Blend,Autumn,Work,88,56,garment_upper_body,In Stock,675,64,No return
117,Celine dress,"Lace dress with a boat neck, cap sleeves, zip at the back and seam at the waist with a velvet trim and decorative bow. Jersey lining.",Garment Full body,Dress,Light Yellow,Kids (Unisex),Lace,images/071/0717316001.jpg,Cotton Blend,Spring,Party,58,90,garment_full_body,In Stock,942,46,15 days return
118,Fleur LL PJ (J),"Pyjamas in a printed cotton blend. Short-sleeved top with a round neck. Bottoms with an elasticated waist and wide, tapered legs with ribbed hems.",Nightwear,Pyjama set,Light Pink,Kids (Unisex),Front print,images/077/0778745004.jpg,Cotton Blend,Summer,Formal,68,90,nightwear,In Stock,1623,44,No return
119,Lenny Romper Set,"Set with dungarees and a long-sleeved top in soft cotton. Jersey-lined dungarees with an embroidered motif on the front, and elastication at the back of the waist. Adjustable straps that fasten at the front with frills on the shoulder sections, and sewn-in turn-ups at the hems. Top with a press-stud on one shoulder.",Garment Full body,Jumpsuit/Playsuit,Dark Blue,Kids (Unisex),Embroidery,images/068/0680351001.jpg,Cotton Blend,Spring,Formal,53,73,garment_full_body,In Stock,4474,58,7 days return
120,Sanna tee dress,"Short, straight-cut dress in soft cotton jersey with ribbing around the neckline, dropped shoulders and short sleeves. Unlined.",Garment Full body,Dress,Pink,Kids (Unisex),Solid,images/082/0826164007.jpg,Cotton Blend,Autumn,Sports,52,47,garment_full_body,In Stock,4341,64,15 days return
121,Hedda Dress,"Fitted, sleeveless, knee-length dress in jersey crêpe with a low-cut back, narrow cut at the top and spaghetti shoulder straps that cross at the back. Skirt with a flounce at the hem. Sewn-in inner dress.",Garment Full body,Dress,Light Beige,Kids (Unisex),Solid,images/073/0735064002.jpg,Cotton Blend,Spring,Casual,56,81,garment_full_body,In Stock,2481,29,7 days return
122,Julienne SS tee,"T-shirt in soft, ribbed jersey with a narrow trim around the neckline and overlocked edges.",Garment Upper body,T-shirt,Black,Kids (Unisex),Embroidery,images/087/0875836007.jpg,Cotton Blend,Spring,Formal,94,16,garment_upper_body,Out of Stock,3862,32,15 days return
123,Texas linen,"Shirt in airy linen with a turn-down collar, buttons down the front and a yoke with a pleat at the back. Open chest pocket, long sleeves with adjustable buttoning at the cuffs, and a rounded hem. Slightly longer at the back.",Garment Upper body,Shirt,White,Kids (Unisex),Solid,images/085/0859139001.jpg,Cotton Blend,Spring,Party,81,93,garment_upper_body,Low Stock,1801,45,15 days return
124,PE CORRES T-SHIRT,"T-shirt in soft, airy jersey made from a silk and cotton blend with a round neck and straight hem.",Garment Upper body,Top,White,Kids (Unisex),Solid,images/073/0738418001.jpg,Cotton Blend,Spring,Party,61,54,garment_upper_body,Low Stock,913,1,No return
125,Chapman Hood,"Top in printed sweatshirt fabric with a lined drawstring hood, kangaroo pocket and ribbed sections at the sides. Gently dropped shoulders, long sleeves, and ribbing at the cuffs and hem. Soft brushed inside.",Garment Upper body,Hoodie,Dark Green,Kids (Unisex),Front print,images/057/0574148002.jpg,Cotton Blend,Summer,Casual,52,96,garment_upper_body,Low Stock,1486,61,7 days return
126,Almost famous,Off-the-shoulder playsuit in a Tencel™ lyocell weave with elastication at the top and 3/4-length raglan sleeves with ties. Elasticated seam at the waist and side pockets.,Garment Lower body,Trousers,Black,Kids (Unisex),Solid,images/065/0656519001.jpg,Cotton Blend,Winter,Casual,89,19,garment_lower_body,In Stock,2134,4,15 days return
127,Vermont fancy,"Suit trousers in woven fabric with a zip fly and concealed hook-and-eye fastener. Side pockets, fake welt pockets at the back and tapered legs with creases.",Garment Lower body,Trousers,Grey,Kids (Unisex),Solid,images/045/0459144008.jpg,Cotton Blend,Spring,Casual,97,47,garment_lower_body,In Stock,4543,12,No return
128,The one dress,"Long, sleeveless satin dress with a V-neck, narrow shoulder straps that cross at the back and a long slit in one side. Partly lined.",Garment Full body,Dress,Dark Pink,Kids (Unisex),Solid,images/063/0637998001.jpg,Cotton Blend,Winter,Casual,81,27,garment_full_body,Out of Stock,911,39,7 days return
129,becca tee,"T-shirt in soft viscose jersey with a print motif on the front, gathers at the shoulders and ribbing in a contrasting colour around the neckline.",Garment Upper body,T-shirt,Off White,Kids (Unisex),All over pattern,images/060/0607390004.jpg,Cotton Blend,Winter,Party,77,94,garment_upper_body,Out of Stock,954,62,No return
130,Bobbie pile hood,"Hoodie in soft pile with appliqués on the hood. Dropped shoulders, long sleeves, a kangaroo pocket and ribbing at the cuffs and hem.",Garment Upper body,Sweater,Black,Kids (Unisex),Application/3D,images/086/0866665002.jpg,Cotton Blend,Summer,Work,73,32,garment_upper_body,Low Stock,743,42,7 days return
131,Sleepbag Padded,"Padded sleep bag in soft, patterned cotton jersey with a press-stud on one shoulder and zip at one side. Jersey lining. The sleep bag is designed for indoor use only.",Underwear/nightwear,Sleeping sack,Dark Blue,Accessories (Unisex),All over pattern,images/065/0657719002.jpg,Cotton Blend,Autumn,Sports,58,56,underwear/nightwear,Out of Stock,2087,68,7 days return
132,Sleepbag Padded,"Padded sleep bag in soft, patterned cotton jersey with a press-stud on one shoulder and zip at one side. Jersey lining. The sleep bag is designed for indoor use only.",Underwear/nightwear,Sleeping sack,Light Pink,Accessories (Unisex),All over pattern,images/081/0810737010.jpg,Cotton Blend,Summer,Formal,81,16,underwear/nightwear,In Stock,3100,33,15 days return
133,Sleepbag Padded,"Padded sleep bag in soft, patterned cotton jersey with a press-stud on one shoulder and zip at one side. Jersey lining. The sleep bag is designed for indoor use only.",Underwear/nightwear,Sleeping sack,White,Accessories (Unisex),All over pattern,images/081/0810737009.jpg,Cotton Blend,Summer,Formal,67,51,underwear/nightwear,In Stock,1493,28,No return
134,Sleep bag fleece,Sleep bag in patterned fleece with a press-stud on one shoulder and a concealed zip in one side that opens from the bottom. Jersey lining. The sleep bag is designed for indoor use only.,Underwear/nightwear,Sleeping sack,Dark Blue,Accessories (Unisex),All over pattern,images/055/0557585002.jpg,Cotton Blend,Autumn,Casual,63,31,underwear/nightwear,Low Stock,2289,12,No return
135,Sleepbag Padded,"Padded sleep bag in soft, patterned cotton jersey with a press-stud on one shoulder and zip at one side. Jersey lining. The sleep bag is designed for indoor use only.",Underwear/nightwear,Sleeping sack,Grey,Accessories (Unisex),All over pattern,images/081/0810737003.jpg,Cotton Blend,Winter,Casual,73,55,underwear/nightwear,Low Stock,4392,3,7 days return
136,Sleep bag velour,"Lightly padded sleep bag in soft velour with embroidery at the top, a press-stud on one shoulder and concealed zip in one side that opens from the bottom. Jersey lining. For indoor use only.",Underwear/nightwear,Sleeping sack,Dark Blue,Accessories (Unisex),Application/3D,images/042/0425529003.jpg,Cotton Blend,Summer,Sports,72,56,underwear/nightwear,Out of Stock,3023,7,7 days return
137,Honey Bag NB,"Padded footmuff in woven fabric with a hood with narrow elastication around the edge, and concealed zips down the front. Fleece lining. Size 87x104 cm. 2-3.5 Tog.",Underwear/nightwear,Sleeping sack,Light Orange,Accessories (Unisex),All over pattern,images/065/0657328002.jpg,Cotton Blend,Autumn,Formal,81,15,underwear/nightwear,Low Stock,2913,52,No return
138,Sleepbag Padded,"Padded sleep bag in soft, patterned cotton jersey with a press-stud on one shoulder and zip at one side. Jersey lining. The sleep bag is designed for indoor use only.",Underwear/nightwear,Sleeping sack,Light Turquoise,Accessories (Unisex),All over pattern,images/081/0810737014.jpg,Cotton Blend,Winter,Casual,58,18,underwear/nightwear,Out of Stock,4166,0,No return
139,Sleep bag padded,"Lightly padded sleep bag in soft, patterned jersey with a jersey lining. The sleep bag is designed for indoor use only.",Underwear/nightwear,Sleep Bag,Dark Blue,Accessories (Unisex),All over pattern,images/017/0176550020.jpg,Cotton Blend,Spring,Casual,67,89,underwear/nightwear,Low Stock,4272,17,No return
140,Sleepbag Padded,"Padded sleep bag in soft, patterned cotton jersey with a press-stud on one shoulder and zip at one side. Jersey lining. The sleep bag is designed for indoor use only.",Underwear/nightwear,Sleeping sack,White,Accessories (Unisex),All over pattern,images/065/0657719015.jpg,Cotton Blend,Winter,Formal,74,67,underwear/nightwear,In Stock,1399,45,15 days return
